bus_name,bus_number,stop,time,
Arcot ,1,ARCOT,5.10 a.m.,
Arcot,1,TOLL GATE,5.20 a.m.,
Arcot,1,SUMAITHANGI,5.25 a.m.,
Arcot,1,KAVERIPAKKAM,5.30 a.m.,
Arcot,1,OCHERI,5.40 a.m,
Arcot,1,PERUPULIPAKKAM,5.45 a.m,
Arcot,1,PAUL CHETTY,6.00 a.m,
Arcot,1,COLLEGE,7.15.a.m,
Vandavasi,2,VANDAVASI,5.05 A.M,
Vandavasi,2,VEERAMBAKKAM,5.15 A.M,
Vandavasi,2,MELMA KOOT ROAD,5.20 A.M,
Vandavasi,2,MANAMADHI KOOT ROAD,5.25 A.M,
Vandavasi,2,KOODIMANTHAL,5.30 A.M,
Vandavasi,2,MANGAL KOOT ROAD,5.35 A.M,
Vandavasi,2,MAMANDUR,5.40 A.M,
Vandavasi,2,METTU THERU KPM,5.55 A.M,
Vandavasi,2,KACHALEESWARAR TEMPLE,6.00 A.M,
Vandavasi,2,EKAMBARESWARAR TEMPLE,6.05 A.M,
Vandavasi,2,COLLEGE,7.15 A.M,
Cheyyar,3,R C M SCHOOL,5.10 A.M,
Cheyyar,3,STATE BANK,5.10 A.M,
Cheyyar,3,SOUNTHRI,5.10 A.M,
Cheyyar,3,PULIREIPAKKAM,5.15 A.M,
Cheyyar,3,BARALI,5.25 A.M,
Cheyyar,3,PANDIYAPAKKAM,5.25 A.M,
Cheyyar,3,CHOLAVARAM,5.30 A.M,
Cheyyar,3,MANGAL KOOT ROAD,5.35 A.M,
Cheyyar,3,THOOSI,5.40 A.M,
Cheyyar,3,IYYENGAR KOOT ROAD,5.40 A.M,
Cheyyar,3,HOUSING BOARD,5.50 A.M,
Cheyyar,3,COLLECTOR OFFICE,5.50 A.M,
Cheyyar,3,MUNGIL MANDAPAM,5.55 A.M,
Cheyyar,3,KANCHEEPURAM BUS  STAND,6.00 A.M,
Cheyyar,3,COLLEGE,7.15 A.M,
Kancheepuram,4,VALPATTARAI,5.45a.m,
Kancheepuram,4,RENGASAMY KULAM,5.50a.m,
Kancheepuram,4,VISHNU KOVIL,5.55 a.m.,
Kancheepuram,4,PEIYAR NAGAR,6.00 a.m.,
Kancheepuram,4,YAGANAPETTAI,6.10 a.m.,
Kancheepuram,4,ORAGADAM,6.30a.m,
Kancheepuram,4,VALLAKOTTAI,6.35a.m,
Kancheepuram,4,SRIPERUMPUDUR BUS STAND,6.50 a.m.,
Kancheepuram,4,THERADI,6.55 a.m.,
Kancheepuram,4,COLLEGE,7.15.a.m,
Kancheepuram,5,MILITARY ROAD,5.45a.m,
Kancheepuram,5,KEEL GATE,5.50a.m,
Kancheepuram,5,KEERAI MANDAPAM,5.50a.m,
Kancheepuram,5,PAVAPETTAI STREET,6.00a.m,
Kancheepuram,5,RENGASAMY KULAM,6.00a.m,
Kancheepuram,5,LADIES COLLEGE,6.00a.m,
Kancheepuram,5,POLICE STATION,6.05a.m,
Kancheepuram,5,CHETTY STREET,6.05a.m,
Kancheepuram,5,TOLL GATE,6.05a.m,
Kancheepuram,5,GENTS COLLEGE,6.05a.m,
Kancheepuram,5,IYYAMPETTAI,6.10a.m,
Kancheepuram,5,WALAJABAD,6.15a.m,
Kancheepuram,5,SOKUKADU,6.15a.m,
Kancheepuram,5,VARNAVASI,6.25a.m,
Kancheepuram,5,ORAGADAM,6.35a.m,
Kancheepuram,5,VALLAKOTTAI,6.40a.m,
Kancheepuram,5,PONTHUR,6.40a.m,
Kancheepuram,5,COLLEGE,7.15.a.m,
Kancheepuram,6,HOUSING BOARD,5.45 A.M,
Kancheepuram,6,COLLECTOR OFFICE,5.45 A.M,
Kancheepuram,6,MOOGIL MANDAPAM,5.50 A.M,
Kancheepuram,6,BUS STAND,5.55 A.M,
Kancheepuram,6,KACHALEESWARAR TEMPLE,5.55 A.M,
Kancheepuram,6,EKAMBARESWARAR TEMPLE,6.00 A.M,
Kancheepuram,6,GUJARTHI CHITRAM,6.00 A.M,
Kancheepuram,6,KOHRI,6.05 A.M,
Kancheepuram,6,COLLEGE,7.15 A.M,
Kancheepuram,7,KANCHEEPURAM BUS STAND,6.00 a.m.,
Kancheepuram,7,PONNERI KARAI,6.05a.m..,
Kancheepuram,7,SUGAVACHITTRAM,6.30a.m..,
Kancheepuram,7,SRIPERUMBUDUR,6.45 a.m.,
Kancheepuram,7,THANDALAM,7.00a.m,
Kancheepuram,7,COLLEGE,7.15.a.m,
Tiruvallur,8,YAMAHA SHOWROOM,6.15  a.m.,
Tiruvallur,8,SR MANDAPAM,"6.20 a,m,",
Tiruvallur,8,PULIYA MARAM BUS STOP[,6.20 a.m.,
Tiruvallur,8,VEPPAMPATTU,6.20 a.m.,
Tiruvallur,8,KANDAN KOLLAI,6.20 a.m,
Tiruvallur,8,SEVVAPETTAI,6.30 a.m.,
Tiruvallur,8,KAKALOOR,6.35 a.m.,
Tiruvallur,8,OLD COLLECTOR OFFICE,6.40 a.m.,
Tiruvallur,8,AVADI ROAD SIGNAL,6.45 a.m.,
Tiruvallur,8,MUNICIPALITY,6.45 a.m.,
Tiruvallur,8,L.I.C,6.45 a.m,
Tiruvallur,8,OIL MILL,6.45 a.m,
Tiruvallur,8,COLLEGE,7.15.a.m,
Chekkadu,9,CHEKKADU,6.05  a.m.,
Chekkadu,9,HINDU COLLEGE,"6.10 a,m,",
Chekkadu,9,PATTABIRAM BRIDGE,6.15 a.m.,
Chekkadu,9,JAIKRISHNA MARRIAGE HALL,6.15 a.m.,
Chekkadu,9,AMUDHUR MEDU,6.20 a.m,
Chekkadu,9,NEMILICHERI ROUNDTANA,6.30 a.m.,
Chekkadu,9,JAYA COLLEGE,6.35 a.m.,
Chekkadu,9,PANDIAN RICE MILL,6.35 a.m.,
Chekkadu,9,INDIAN OIL PETROL BUNK,6.35 a.m.,
Chekkadu,9,COLLEGE,7.15.a.m,
Panapakkam,10,PANAPAKKAM,5.30 a.m,
Panapakkam,10,NEMLI,5.45 a.m,
Panapakkam,10,PETROL BUNK,5.50 a.m,
Panapakkam,10,SENTHAMANGALAM,5.55 a.m,
Panapakkam,10,PINNAVARAM,6.00 a.m,
Panapakkam,10,PARAMESWARAMANGALAM,6.05 a.m,
Panapakkam,10,THAKKOLAM  KOOT ROAD,6.05 a.m,
Panapakkam,10,THAKKOLAM  POLICE STATION,6.10 a.m,
Panapakkam,10,THAKKOLAM,6.15 a.m,
Panapakkam,10,CHECK POST,6.20 a.m,
Panapakkam,10,MARIMANAGALAM,6.20 a.m,
Panapakkam,10,NARSINGAPURAM,6.25 a.m,
Panapakkam,10,PERAMBAKKAM,6.30 a.m,
Panapakkam,10,COLLEGE,7.15 a.m,
Arakonam,11,ARAKONAM BUS STAND,5.50 a.m,
Arakonam,11,S R GATE,5.55 a.m,
Arakonam,11,PERUMOOCHU,6.00 a.m,
Arakonam,11,THAKOLAM RAILWAY STATION,6.05a.m,
Arakonam,11,COLLEGE,7.15.a.m,
Perambakkam,12,PERAMBAKKAM,6.25 a.m,
Perambakkam,12,KOOVAM,6.25 a.m,
Perambakkam,12,KONDACHERRY,6.30 a.m.,
Perambakkam,12,MAPPEDU,6.35 a.m.,
Perambakkam,12,VELLAI KALVAI,6.35 a.m.,
Perambakkam,12,SAMATHUVAPURAM,6.40 a.m.,
Perambakkam,12,ULUNDAI,6.45 a.m.,
Perambakkam,12,VALARPURAM,6.50 a.m.,
Perambakkam,12,CINNA VALARPURAM,6.50 a.m.,
Perambakkam,12,MEVALUR KUPPAM,6.55 a.m.,
Perambakkam,12,VIJAYA SHANTHI APARTMENT,7.00 a.m.,
Perambakkam,12,PAPPANCHATHIRAM,7.05 a.m.,
Perambakkam,12,CHEMBARAMBAKKAM,"7.10 a,m",
Perambakkam,12,COLLEGE,7.15.a.m,
Tirutttani,13,TIRUTTANI  DEPOT,5.15 A.M,
Tirutttani,13,TIRUTTANI  PARK,5.20 A.M,
Tirutttani,13,KANAGAMMA CHATHIRAM,5.45 A.M,
Tirutttani,13,THIRUVALANGADU,6.00 A.M,
Tirutttani,13,COLLEGE,7.30 a.m.,
Tirutttani,14,KG KANDIGAI,5.10  a.m.,
Tirutttani,14,VIRAGA NALOOR,"5.20 a,m,",
Tirutttani,14,VETRIVEL NAGAR,5.25 a.m.,
Tirutttani,14,PWD OFFICE,5.30 a.m.,
Tirutttani,14,TVS,5.35 a.m,
Tirutttani,14,BYE-PASS,5.40  a.m,
Tirutttani,14,THAIYAMARAM BRIDGE,5.45 a.m.,
Tirutttani,14,ARUNKULAM KOOTROAD,5.50 a.m.,
Tirutttani,14,LAKSHMIPURAM,5.55 a.m.,
Tirutttani,14,ARCOT KUPPAM,6.00 a.m.,
Tirutttani,14,RAMACHERRY,6.10 a.m.,
Tirutttani,14,NARAYANAPURAM KOOTROAD,6.20 a.m.,
Tirutttani,14,KANAGAVALLIPURAM,6.25 a.m.,
Tirutttani,14,COLLEGE,7.15.a.m,
Kadambathur,15,KADAMBATHUR,6.10  a.m.,
Kadambathur,15,SSS MANDAPAM,"6.15 a,m,",
Kadambathur,15,PRIYANKUPPAM,6.20 a.m.,
Kadambathur,15,PUDHIYA THIRUPACHUR,6.23 a.m.,
Kadambathur,15,PAZHAYA THIRUPACHUR,6.30 a.m,
Kadambathur,15,MEERA THEATRE,6.33 a.m.,
Kadambathur,15,TIRUVALLUR PETROL BUNK,6.35 a.m.,
Kadambathur,15,OIL MILL,6.43 a.m.,
Kadambathur,15,MANAVALAN NAGAR,6.45 a.m.,
Kadambathur,15,NDB MANDAPAM,6.47 a.m.,
Kadambathur,15,UNDI KUPPAM,6.4 a.m,
Kadambathur,15,COLLEGE,7.15.a.m,
Uthukottai(Via thiruvallur),16,UTHUKOTTAI  CIRCLE OFFICE,5.55  a.m.,
Uthukottai(Via thiruvallur),16,UTHUKOTTAI  BUS STAND,5.55  a.m.,
Uthukottai(Via thiruvallur),16,UTHUKOTTAI JUNCTION,5.57  a.m.,
Uthukottai(Via thiruvallur),16,PSV PETROL BUNK,5.58  a.m.,
Uthukottai(Via thiruvallur),16,EB OFFICE,6.00 a.m.,
Uthukottai(Via thiruvallur),16,PONDAVAKKAM,6.03 a.m.,
Uthukottai(Via thiruvallur),16,KATCHUR,6.05 a.m.,
Uthukottai(Via thiruvallur),16,SEETHANJERI,6.10 a.m.,
Uthukottai(Via thiruvallur),16,ODAPPAI,6.15 a.m.,
Uthukottai(Via thiruvallur),16,POONDI,6.20 a.m.,
Uthukottai(Via thiruvallur),16,PULLARAM BAKKAM,6.25 a.m.,
Uthukottai(Via thiruvallur),16,SAI BABA,6.30 a.m.,
Uthukottai(Via thiruvallur),16,PUDUCHATHIRAM,6.55 a.m.,
Uthukottai(Via thiruvallur),16,NEMAM,7.00 a.m.,
Uthukottai(Via thiruvallur),16,VELLEVEDU,7.05 a.m.,
Uthukottai(Via thiruvallur),16,THIRUMIZHASI,7.10 a.m.,
Uthukottai(Via thiruvallur),16,COLLEGE,7.15.a.m,
Uthukottai(Via PERIYAPALAYAM),17,DHAMBARA MEDU,5.35  a.m.,
Uthukottai(Via PERIYAPALAYAM),17,PERANDUR,5.40  a.m.,
Uthukottai(Via PERIYAPALAYAM),17,PALAVAKKAM,5.45  a.m.,
Uthukottai(Via PERIYAPALAYAM),17,SOOLAIMANI,5.48  a.m.,
Uthukottai(Via PERIYAPALAYAM),17,THANDALAM,5.53 a.m.,
Uthukottai(Via PERIYAPALAYAM),17,PERIYAPALAYAM,6.00 a.m.,
Uthukottai(Via PERIYAPALAYAM),17,VADAMADURAI,6.05 a.m.,
Uthukottai(Via PERIYAPALAYAM),17,VENGAL,6.10 a.m.,
Uthukottai(Via PERIYAPALAYAM),17,PAGALMEDU,6.15 a.m.,
Uthukottai(Via PERIYAPALAYAM),17,THAMARAIPAKKAM,6.20 a.m.,
Uthukottai(Via PERIYAPALAYAM),17,PAKKAM,6.30 a.m.,
Uthukottai(Via PERIYAPALAYAM),17,SRIPATHI NAGAR,6.33 a.m.,
Uthukottai(Via PERIYAPALAYAM),17,LAKSHMI THEATRE,6.40 a.m.,
Uthukottai(Via PERIYAPALAYAM),17,GOMATHIPURAM,6.43 a.m.,
Uthukottai(Via PERIYAPALAYAM),17,KOSAVANPALAYAM,6.48 a.m.,
Uthukottai(Via PERIYAPALAYAM),17,KOTTAMEDU,6.50 a.m.,
Uthukottai(Via PERIYAPALAYAM),17,COLLEGE,7.10.a.m,
Chekkadu,18,CHEKKADU,6.15 a.m,
Chekkadu,18,HINDU COLLEGE,6.20 a.m,
Chekkadu,18,PATTABIRAM,6.25 a.m,
Chekkadu,18,THANDARAI,6.30 a.m,
Chekkadu,18,AMUDHUR  MEDU,6.35 a.m,
Chekkadu,18,COLLEGE,7.15 a.m,
Thirunindravur,19,THIRUNINDRAVUR (LAKSHMI THEATRE),6.35 a.m,
Thirunindravur,19,EB OFFICE,6.35 a.m,
Thirunindravur,19,RAJANKUPPAM,6.40 a.m,
Thirunindravur,19,KOTTAMEDU,6.45 a.m,
Thirunindravur,19,NEMAM,6.50 a.m,
Thirunindravur,19,VELLAVEDU,6.55 a.m,
Thirunindravur,19,THIRUMAZHISAI BUS STANAD,7.00 a.m,
Thirunindravur,19,SIVAN KOVIL,7.05 a.m,
Thirunindravur,19,COLLEGE,7.15 a.m,
Thirunindravur,20,THIRUNINDRAVUR,6.20 a.m,
Thirunindravur,20,KARUPATTI COFFEE,6.25 a.m,
Thirunindravur,20,PANDIAN RICE MILL,6.25 a.m,
Thirunindravur,20,JAYA COLLEGE,6.30 a.m,
Thirunindravur,20,NEMILLICHERRY,6.35 a.m,
Thirunindravur,20,COLLEGE,7.15 a.m,
Triplicane 1,21,AMIR MAHAL,6.00 a.m,
Triplicane 1,21,ZAM BAZZAR (POLICE STATION),6.05 a.m,
Triplicane 1,21,RATHNA CAFE,6.10 a.m,
Triplicane 1,21,BELLS ROAD,6.15 a.m,
Triplicane 1,21,GOSHA HOSPITAL,6.20 a.m,
Triplicane 1,21,D1 POLICE STATION,6.20 a.m,
Triplicane 1,21,CHINTADRIPET,6.25 a.m,
Triplicane 1,21,P T SCHOOL,6.30 a.m,
Triplicane 1,21,COLLEGE,7.15 a.m,
Triplicane 2,22,"MUSIC ACADEMY , ARYA GOWDA ROAD",5.55 a.m,
Triplicane 2,22,ROYAPETTAI BRIDGE,6.00 a.m,
Triplicane 2,22,ICE HOUSE,6.05 a.m,
Triplicane 2,22,RATHNA CAFE,6.10 a.m,
Triplicane 2,22,D1 POLICE STATION,6.10 a.m,
Triplicane 2,22,ASHOKA HOTEL,6.15 a.m,
Triplicane 2,22,CHILDREN HOSPITAL,6.15 a.m,
Triplicane 2,22,CHETPET POLICE STATION,6.17 a.m,
Triplicane 2,22,STERLING ROAD SIGNAL,6.20 a.m,
Triplicane 2,22,CHOOLAIMEDU,6.25 a.m,
Triplicane 2,22,SKY WALK BRIDGE,6.30 a.m,
Triplicane 2,22,COLLEGE,7.15 a.m,
MMDA,23,MMDA,6.25 a.m,
MMDA,23,POPULAR STUDIO,6.25 a.m,
MMDA,23,WATER TANK,6.30 a.m,
MMDA,23,RAZARK GARDEN,6.30 a.m,
MMDA,23,NERKUNDRAM,6.35 a.m,
MMDA,23,VENKAYA MANDI,6.35 a.m,
MMDA,23,COLLEGE,7.15 a.m,
ATHIPATU,24,ATHIPATU,5.30.A.M,
ATHIPATU,24,THAZHANKUPPAM,5.35.A.M,
ATHIPATU,24,ANNAI SIVAKAMI NAGAR,5.40.A.M,
ATHIPATU,24,BHARATHIYAR NAGAR,5.45.A.M,
ATHIPATU,24,MRF  BEACH ROAD,5.50.A.M,
ATHIPATU,24,N 4,6.00.A.M,
ATHIPATU,24,KASIMEDU,6.05.A.M,
ATHIPATU,24,KALMANDAPAM,6.10 A.M,
ATHIPATU,24,ROYAPURAM,6.15.A.M,
ATHIPATU,24,BEACH STATION,6.20 A.M.,
ATHIPATU,24,HIGH COURT,6.22 A.M.,
ATHIPATU,24,CENTRAL,6.25 A.M.,
ATHIPATU,24,TAYLOR’S ROAD,6.30 A.M.,
ATHIPATU,24,COLLEGE,7.15 A.M.,
ERNAVUR LIFT GATE,25,ERNAVUR LIFT GATE,5.40 A.M,
ERNAVUR LIFT GATE,25,WIMCO NAGAR,5.45 A.M,
ERNAVUR LIFT GATE,25,AJAX,5.50 A.M,
ERNAVUR LIFT GATE,25,THERADI,5.50 A.M,
ERNAVUR LIFT GATE,25,RAJAKADAI,5.55 A.M,
ERNAVUR LIFT GATE,25,TOLL GATE,6.00 A.M,
ERNAVUR LIFT GATE,25,BEACH STATION,6.05 A.M,
ERNAVUR LIFT GATE,25,CENTRAL,6.10 A.M,
ERNAVUR LIFT GATE,25,COLLEGE,7.15 A.M,
THIRUVOTTIYUR  TOLLGATE,26,TOLL GATE,5.45 a.m,
THIRUVOTTIYUR  TOLLGATE,26,MANI CYCLE STORE,5.50 a.m,
THIRUVOTTIYUR  TOLLGATE,26,MAHARANI,5.55 a.m,
THIRUVOTTIYUR  TOLLGATE,26,MINT,6.00 a.m,
THIRUVOTTIYUR  TOLLGATE,26,CHOOLAI,6.05a.m,
THIRUVOTTIYUR  TOLLGATE,26,PURASAIVAKKAM,6.10 a.m,
THIRUVOTTIYUR  TOLLGATE,26,KELLIS,6.15 a.m,
THIRUVOTTIYUR  TOLLGATE,26,NEW  AVADI  ROAD,6.20a.m,
THIRUVOTTIYUR  TOLLGATE,26,COLLEGE,7.00.a.m,
MAHARANI,27,MANI CYCLE SHOP,5.55 A.M,
MAHARANI,27,TONDIARPET MANIKOONDU,5.55 A.M,
MAHARANI,27,MAHARANI POST OFFICE,6.00 A.M,
MAHARANI,27,THEAGARAYA COLLEGE,6.00 A.M,
MAHARANI,27,PANDIAN THEATRE,6.03 A.M,
MAHARANI,27,CEMENT ROAD,6.05 A.M,
MAHARANI,27,PENCIL FACTORY,6.05 A.M,
MAHARANI,27,MINT BUS STAND,6.10 A.M,
MAHARANI,27,COLLEGE,7.15 A.M,
STANLEY,28,STANLEY,6.00 a.m,
STANLEY,28,MOOLAGOTHALAM,6.05 a.m,
STANLEY,28,CHOOLAI,6.10 a.m.,
STANLEY,28,DOVETON,6.15 a.m.,
STANLEY,28,PURASAIWAKKAM,6.15 a.m.,
STANLEY,28,MOTCHAM,6.18 a.m.,
STANLEY,28,KELLEYS,6.20 a.m.,
STANLEY,28,MUMMY DADDY,6.25 a.m.,
STANLEY,28,NEW AVADI ROAD,6.25 a.m.,
STANLEY,28,AMINJIKARAI,6.30 a.m.,
STANLEY,28,COLLEGE,7.15 a.m,
ANNA NAGAR,29,SHENOY NAGAR PARK,6.00 a.m,
ANNA NAGAR,29,KALLARI – CSI CHRUCH,6.05 a.m,
ANNA NAGAR,29,KILPAUK SIGNAL,6.05 a.m,
ANNA NAGAR,29,NEW AVADI ROAD BUS STOP,6.05 a.m,
ANNA NAGAR,29,GANGAI AMMAN KOVIL,6.10 a.m,
ANNA NAGAR,29,BOHAN VILLA PARK,6.15 a.m,
ANNA NAGAR,29,K4 POLICE STATION,6.15 a.m,
ANNA NAGAR,29,JERSY MOHAN SCHOOL,6.20 a.m,
ANNA NAGAR,29,SHANTHI COLONY NUTS & SPECIES,6.20 a.m,
ANNA NAGAR,29,V R MAL,6.25 a.m,
ANNA NAGAR,29,COLLEGE,7.15 a.m,
STELLA MARIS,30,GEMINI,6.10 a.m,
STELLA MARIS,30,VALLUVAR KOTTAM,6.15 a.m,
STELLA MARIS,30,KODAMBAKKAM,6.20 a.m,
STELLA MARIS,30,PUTHUR KATU,6.25 a.m,
STELLA MARIS,30,KOYAMBEDU,6.30 a.m,
STELLA MARIS,30,RAIL NAGAR,6.35 a.m,
STELLA MARIS,30,COLLEGE,7.15 a.m,
VGP,31,PALLAVAKKAM,5.50 a.m,
VGP,31,KOTTIVAKKAM,5.50 a.m,
VGP,31,R T O OFFICE,5.55 a.m,
VGP,31,TIRUVANMIYUYR COLONY,5.55 a.m,
VGP,31,TIRUVANMIYUYR BUS STAND,6.00 a.m,
VGP,31,ADYAR DEPOT,6.05 a.m,
VGP,31,I I T,6.05 a.m,
VGP,31,COLLEGE,7.15 a.m,
MYLAPOORE,32,MANDHAVELI,6.00 a.m,
MYLAPOORE,32,MYLAPOORE,6.05 a.m,
MYLAPOORE,32,LUZZ,6.05 a.m,
MYLAPOORE,32,CATHEDRAL ROAD,6.10 a.m,
MYLAPOORE,32,THENAMPETTAI,6.20 a.m,
MYLAPOORE,32,COLLEGE,7.15 a.m,
T NAGAR,33,SRINIVASA THEATRE,6.05 A.M,
T NAGAR,33,T NAGAR BUS STAND,6.10 A.M,
T NAGAR,33,SAIDAPET METRO STATION,6.15 A.M,
T NAGAR,33,GUINDY,6.20 A.M,
T NAGAR,33,BUTT ROAD,6.25 A.M,
T NAGAR,33,RAMAPURAM,6.30 A.M,
T NAGAR,33,MUGALIVAKKAM,6.35 A.M,
T NAGAR,33,SAKTHI NAGAR,6.37 A.M,
T NAGAR,33,PORUR OLD POLICE STATION,6.40 A.M,
T NAGAR,33,COLLEGE,7.15 A.M,
MKB NAGAR,34,M R NAGAR COLLEGE,5.50 A.M,
MKB NAGAR,34,EB BUS STOP,5.55 A.M,
MKB NAGAR,34,MKB NAGAR BUS STOP,5.55 A.M,
MKB NAGAR,34,AMBEDKAR COLLEGE,6.00 A.M,
MKB NAGAR,34,SHARMA NAGAR BUS STOP,6.20 A.M,
MKB NAGAR,34,MOOLAKADI,6.25 A.M,
MKB NAGAR,34,COLLEGE,7.15 A.M,
T V K NAGAR,35,T V K NAGAR,6.10 A.M,
T V K NAGAR,35,DON BOSCO SCHOOL,6.13 A.M,
T V K NAGAR,35,KUMARAN NAGAR,6.15 A.M,
T V K NAGAR,35,WELDING SHOP,6.17 A.M,
T V K NAGAR,35,MOOGAMBIKA  TEMPLE,6.20 A.M,
T V K NAGAR,35,APOLLO MEDICAL,6.25 A.M,
T V K NAGAR,35,COLLEGE,7.15 A.M,
PERAMBUR,36,PERAMBUR DON BOSCO SCHOOL,5.55 A.M,
PERAMBUR,36,LAKSHMI KOVIL,5.55 A.M,
PERAMBUR,36,ESWARI KALYANA MANDAPAM,6.00 A.M,
PERAMBUR,36,BB ROAD,6.05 A.M,
PERAMBUR,36,PERMABUR BUS STAND,6.10 A.M,
PERAMBUR,36,GANDHI SILAI,6.15 A.M,
PERAMBUR,36,MURUGAN KOVIL,6.20 A.M,
PERAMBUR,36,THIRUVALLUR KALYANA MANDAPAM,6.20 A.M,
PERAMBUR,36,COLLEGE,7.15 A.M,
Aynavaram,37,JAMALIA,6.00 a.m,
Aynavaram,37,BODI KADAI,6.05 a.m,
Aynavaram,37,AYNAVARAM SIGNAL,6.05 a.m,
Aynavaram,37,SAIYANI,6.08 a.m,
Aynavaram,37,P C O AXIS BANK,6.10 a.m,
Aynavaram,37,NOOR HOTEL,6.12 a.m,
Aynavaram,37,JOINT OFFICE,6.12 a.m,
Aynavaram,37,VENKATESWARA SWEETS,6.15 a.m,
Aynavaram,37,I C F BUS STAND,6.15 a.m,
Aynavaram,37,KALLUKADAI,6.15 a.m,
Aynavaram,37,VILLIVAKKAM,6.18 a.m,
Aynavaram,37,NATHAMUNI THEATRE,6.20 a.m,
Aynavaram,37,COLLEGE,7.15 a.m,
MANALI 1,38,CPCL,5.50 A.M,
MANALI 1,38,MEENAKSHI THEATRE,5.50 A.M,
MANALI 1,38,MANALI MARKET,5.55 A.M,
MANALI 1,38,MMDA IIIRD MAIN ROAD,6.00 A.M,
MANALI 1,38,MMDA IST MAIN ROAD,6.00 A.M,
MANALI 1,38,PALPANNAI GATE,6.05 A.M,
MANALI 1,38,ARUL NAGAR,6.05 A.M,
MANALI 1,38,THAPAL PETTI,6.10 A.M,
MANALI 1,38,MADHAVARAM BUS STAND,6.15 A.M,
MANALI 1,38,MADHAVARAM BYE PASS,6.20 A.M,
MANALI 1,38,RETTRI R T O OFFICE,6.20 A.M,
MANALI 1,38,TEMPLE SCHOOL,6.25 A.M,
MANALI 1,38,COLLEGE,7.15 A.M,
MANALI 2,39,MANALI,6.00 A.M,
MANALI 2,39,M.G.R NAGAR,6.03 A.M,
MANALI 2,39,IIND  MAIN ROAD,6.05 A.M,
MANALI 2,39,MATHUR GATE,6.05 A.M,
MANALI 2,39,MADHAVARAM MILK COLONY,6.10 A.M,
MANALI 2,39,ARUL NAGAR,6.15 A.M,
MANALI 2,39,THAPAL PETTI,6.15 A.M,
MANALI 2,39,MADHAVARAM PUTHU KOVIL,6.20 A.M,
MANALI 2,39,MADHAVARAM BUS STAND,6.20 A.M,
MANALI 2,39,MADHAVARAM SMALL ROUNDNA,6.25 A.M,
MANALI 2,39,RETTRI R T O OFFICE,6.25 A.M,
MANALI 2,39,COLLEGE,7.15 A.M,
SENTHIL NAGAR,40,RETTERI,6.10 a.m,
SENTHIL NAGAR,40,SENTHIL NAGAR,6.15 a.m,
SENTHIL NAGAR,40,THADA KUPPAM,6.20 a.m,
SENTHIL NAGAR,40,14th MAIN ROAD,6.25 a.m,
SENTHIL NAGAR,40,WEST DEPOT,6.28 a.m,
SENTHIL NAGAR,40,KALYANA MANDAPAM,6.30 a.m,
SENTHIL NAGAR,40,LAKSHMI NAGAR,6.35 a.m,
SENTHIL NAGAR,40,COLLEGE,7.15 a.m,
PONNERI,41,SIRUVAPURI,5.05 a.m.,
PONNERI,41,THACHUR X ROAD,5.15 a.m,
PONNERI,41,KRISHNAPURAM,5.20 a.m,
PONNERI,41,PONNERI BUS STAND,5.25 a.m,
PONNERI,41,AMBEDKAR SILAI,5.30 a.m,
PONNERI,41,VEMBAKKAM,5.35 a.m,
PONNERI,41,THADA PERUMBAKKAM,5.40 a.m,
PONNERI,41,KOKKU MEDU,5.45 a.m,
PONNERI,41,ELVAMPEDU,5.50 a.m,
PONNERI,41,METTUPALAYAM,5.50 a.m,
PONNERI,41,KESAVAPURAM,5.55 a.m,
PONNERI,41,MEENJUR,6.00 a.m,
PONNERI,41,BDO OFFICE,6.05 a.m,
PONNERI,41,PATTAMANDHIRI,6.05 a.m,
PONNERI,41,NAAPALAYAM,6.20 a.m,
PONNERI,41,COLLEGE,7.15 a.m,
GUMMIDIPOONDI,42,GUMMIDIPOONDI,5.10 a.m,
GUMMIDIPOONDI,42,KAVARAPETTAI,5.20 a.m,
GUMMIDIPOONDI,42,CHALACHITRAM (AVANCHAVAKKAM),5.30 a.m,
GUMMIDIPOONDI,42,KARANODAI,5.35 a.m,
GUMMIDIPOONDI,42,CHOLAVARAM,5.40 a.m,
GUMMIDIPOONDI,42,TEMPLE SCHOOL,6.25 a.m,
GUMMIDIPOONDI,42,COLLEGE,7.15 a.m,
VINAYAGAPURAM,43,VINAYAGAPURAM,6.10 a.m,
VINAYAGAPURAM,43,BUS STAND,6.10 a.m,
VINAYAGAPURAM,43,R.C.FLAT,6.15 a.m.,
VINAYAGAPURAM,43,S.S. MAHAL,6.15 a.m.,
VINAYAGAPURAM,43,PADAVETTU AMMAN KOIL,6.25 a.m.,
VINAYAGAPURAM,43,PADI BRITANNIA,6.30 a.m.,
VINAYAGAPURAM,43,MANNURPET,6.30 a.m.,
VINAYAGAPURAM,43,COLLEGE,7.15 a.m,
WAVIN 1,44,GOLDEN FLATS,6.25 a.m,
WAVIN 1,44,PANDIYAN HOTEL,6.25 a.m,
WAVIN 1,44,SRINIVASA EYE HOSPITAL,6.30 a.m,
WAVIN 1,44,7 H BUS STAND,6.30 a.m,
WAVIN 1,44,MASOODHI,6.35 a.m,
WAVIN 1,44,MMM FIRE SERVICE,6.35 a.m,
WAVIN 1,44,MMM SIGNAL,6.40 a.m,
WAVIN 1,44,COLLEGE,7.15 a.m,
WAVIN 2,45,VELLAMMAL HALL,6.20 a.m,
WAVIN 2,45,DOSAI KADAI,6.20 a.m,
WAVIN 2,45,DR.SUPER MARKET,6.25 a.m,
WAVIN 2,45,7 M BUS STAND,6.25 a.m,
WAVIN 2,45,PAZHAMUDHIR CHOLAI,6.30 a.m,
WAVIN 2,45,AXIS BANK,6.30 a.m,
WAVIN 2,45,NOLAMBUR (POLICE),6.35 a.m,
WAVIN 2,45,SBOA SCHOOL,6.35 a.m,
WAVIN 2,45,7 H BUS STAND,6.40 a.m,
WAVIN 2,45,GOLDEN FLATS,6.45 a.m,
WAVIN 2,45,COLLEGE,7.15 a.m,
WAVIN 3,46,THIRUMANGALAM,6.30 a.m,
WAVIN 3,46,KALYAN JEWELLERS,6.30 a.m,
WAVIN 3,46,COLLECTOR NAGAR,6.35 a.m,
WAVIN 3,46,VINAYAGAR KOVIL,6.35 a.m,
WAVIN 3,46,VELLAMMAL MAIN,6.40 a.m,
WAVIN 3,46,GOLDEN FLATS,6.40 a.m,
WAVIN 3,46,COLLEGE,7.15 a.m,
RED HILLS 1,47,GANDHI NAGAR POLICE BOOTH,5.45 A.M,
RED HILLS 1,47,G R T RED HILLS,5.50 A.M,
RED HILLS 1,47,REDHILLS BUS STAND,5.55 A.M,
RED HILLS 1,47,KAVANGARAI BUS STOP,6.00 A.M,
RED HILLS 1,47,PUZHAL JAIL,6.00 A.M,
RED HILLS 1,47,PUZHAL CAMP,6.00 A.M,
RED HILLS 1,47,SURAPET VELAMMAL,6.05 A.M,
RED HILLS 1,47,SURAPET BUS STOP,6.05 A.M,
RED HILLS 1,47,SHANMUGAPURAM,6.05 A.M,
RED HILLS 1,47,KALLIKUPPAM,6.10 A.M,
RED HILLS 1,47,PUDUR BUS STOP,6.15 A.M,
RED HILLS 1,47,ORAGADAM,6.15 A.M,
RED HILLS 1,47,RAKKI THEATRE,6.20 A.M,
RED HILLS 1,47,STEDEFORD HOSPITAL,6.20 A.M,
RED HILLS 1,47,THIRUMULLAIVOYAL,6.25 A.M,
RED HILLS 1,47,VAISHNAVI NAGAR,6.25 A.M,
RED HILLS 1,47,MURUGAPPA POLYTECHNIC,6.25 A.M,
RED HILLS 1,47,COLLEGE,7.15 A.M,
RED HILLS 2,48,GANDHI NAGAR POLICE BOOTH,5.45 A.M,
RED HILLS 2,48,ST JOSEPH SCHOOL,5.50 A.M,
RED HILLS 2,48,G R T RED HILLS,5.50 A.M,
RED HILLS 2,48,REDHILLS BUS STAND,5.55 A.M,
RED HILLS 2,48,REDHILLS MARKET,6.00 A.M,
RED HILLS 2,48,KAVANGARAI,6.00 A.M,
RED HILLS 2,48,PUZHAL JAIL,6.00 A.M,
RED HILLS 2,48,PUZHAL CAMP,6.00 A.M,
RED HILLS 2,48,SURAPET VELAMMAL,6.05 A.M,
RED HILLS 2,48,SURAPET BUS STOP,6.05 A.M,
RED HILLS 2,48,KALLIKUPPAM,6.10 A.M,
RED HILLS 2,48,KALLIKUPPAM  ARCH,6.10 A.M,
RED HILLS 2,48,WIRELESS TATA COMMUNICATIONS,6.10 A.M,
RED HILLS 2,48,PUDUR,6.15 A.M,
RED HILLS 2,48,VIJAYALAKSHMIPURAM,6.15 A.M,
RED HILLS 2,48,COLLEGE,7.15 A.M,
RED HILLS 3,49,ORAGADAM BUS STOP,6.15 A.M,
RED HILLS 3,49,RAKKI THEATRE,6.20 A.M,
RED HILLS 3,49,STEDEFORD HOSPITAL,6.20 A.M,
RED HILLS 3,49,SARASWATHI NAGAR,6.20 A.M,
RED HILLS 3,49,MANIKANDAPURAM  & MANGALAM PETROL BUNK,6.25 A.M,
RED HILLS 3,49,THIRUMULLAIVOYAL,6.25 A.M,
RED HILLS 3,49,COLLEGE,7.15 A.M,
MUTHA PUDUPETTAI,50,MUTHA PUDUPETTAI,6.00  a.m.,
MUTHA PUDUPETTAI,50,KV SCHOOL,"6.05 a,m,",
MUTHA PUDUPETTAI,50,CRPF (RG NAGAR),6.10 a.m.,
MUTHA PUDUPETTAI,50,BRINDAVANA NAGAR,6.10 a.m.,
MUTHA PUDUPETTAI,50,AVADI RAMARATHNA,6.20 a.m,
MUTHA PUDUPETTAI,50,COLLEGE,7.15.a.m,
VEERAPURAM,51,VEERAPURAM CAMP,6.10  a.m.,
VEERAPURAM,51,VEERAPURAM BUS STAND,"6.15 a,m,",
VEERAPURAM,51,MORAI BUS STAND,6.20 a.m.,
VEERAPURAM,51,NEW COLONY,6.22 a.m.,
VEERAPURAM,51,ANNA NAGAR BUS STAND,6.25 a.m,
VEERAPURAM,51,VELTECH JUNCTION,6.25 a.m.,
VEERAPURAM,51,KANNADAPALAYAM JUNCTION,6.30 a.m.,
VEERAPURAM,51,KOIL PATHAGAI,6.35 a.m.,
VEERAPURAM,51,AJAY STADIUM,6.35 a.m.,
VEERAPURAM,51,COLLEGE,7.15.a.m,
AVADI,52,AVADI CHECK POST,6.20  a.m.,
AVADI,52,AVADI RAMARATHNA,"6.25 a,m,",
AVADI,52,KANNIGAPURAM,6.25 a.m.,
AVADI,52,MARKET,6.30 a.m.,
AVADI,52,OM SAKTHI KOIL,6.35 a.m,
AVADI,52,VASANTHAM NAGAR,6.35 a.m.,
AVADI,52,MOORTHY NAGAR,6.40 a.m.,
AVADI,52,KOVARTHANAGIRI,6.40 a.m.,
AVADI,52,IYYANKULAM,6.40 a.m.,
AVADI,52,PARIVAKKAM,6.45 a.m,
AVADI,52,KADUVETTY PETROL BUNK,6.50 a.m.,
AVADI,52,VETHILAI THOTTAM,6.55 a.m.,
AVADI,52,COLLEGE,7.15.a.m,
AMBATTUR ,53,AMBATTUR O.T,6.20 a.m,
AMBATTUR ,53,CANARA BANK,6.20 a.m,
AMBATTUR ,53,"DUNLOP , POLICE STATION",6.25 a.m,
AMBATTUR ,53,TI COMPANY,6.25 a.m,
AMBATTUR ,53,TELEPHONE EXCHANGE,6.30 a.m,
AMBATTUR ,53,AYYANAMPAAKAM,6.30 a.m,
AMBATTUR ,53,MEL AYYANAMPAKKAM,6.35 a.m,
AMBATTUR ,53,SREE VAARI,6.40 a.m,
AMBATTUR ,53,MEEN MARKET,6.45 a.m,
AMBATTUR ,53,VELAPPAN SAVADI,6.50 a.m,
AMBATTUR ,53,COLLEGE,7.15 a.m,
CHINMAYA NAGAR,54,CHINMAYA NAGAR,6.10 a.m,
CHINMAYA NAGAR,54,SAI NAGAR,6.10 a.m,
CHINMAYA NAGAR,54,NATESAN NAGAR,6.12 a.m,
CHINMAYA NAGAR,54,ELANGO NAGAR,6.15 a.m,
CHINMAYA NAGAR,54,AVM COLLEGE,6.18 a.m,
CHINMAYA NAGAR,54,AVICHI SCHOOL,6.20 a.m,
CHINMAYA NAGAR,54,COLLEGE,7.15 a.m,
AVICHI ,55,AVICHI SCHOOL,6.15 a.m,
AVICHI ,55,VIRUGAMBAKKAM,6.20 a.m,
AVICHI ,55,ALWAR THIRU NAGAR,6.25 a.m,
AVICHI ,55,APPU HOTEL,6.25 a.m,
AVICHI ,55,KESAVARTHINI,6.27 a.m,
AVICHI ,55,VALASARAVAKKAM,6.30 a.m,
AVICHI ,55,JAI GARDEN,6.30 a.m,
AVICHI ,55,LAKSHMI NAGAR,6.35 a.m,
AVICHI ,55,COLLEGE,7.15 a.m,
WEST SAIDAPET,56,WEST SAIDAPET,6.00 a.m,
WEST SAIDAPET,56,JAYARAJ THEATRE,6.00 a.m,
WEST SAIDAPET,56,MATHOPU SCHOOL,6.05 a.m,
WEST SAIDAPET,56,MARKET,6.05 a.m,
WEST SAIDAPET,56,PILLAIYAR KOVIL,6.10 a.m,
WEST SAIDAPET,56,ESI,6.12 a.m,
WEST SAIDAPET,56,VELAKANNI SCHOOL,6.12 a.m,
WEST SAIDAPET,56,SIVA PARK,6.15 a.m,
WEST SAIDAPET,56,CANARA BANK,6.15 a.m,
WEST SAIDAPET,56,TANK,6.15 a.m,
WEST SAIDAPET,56,IYYAPPAN KOVIL,6.20 a.m,
WEST SAIDAPET,56,PONDYCHERRY GUEST HOUSE,6.20 a.m,
WEST SAIDAPET,56,COLLEGE,7.15 a.m,
AMBAL NAGAR,57,AMBAL NAGAR,6.00 a.m,
AMBAL NAGAR,57,JAYA T V,6.00 a.m,
AMBAL NAGAR,57,KASI THEATRE,6.05 a.m,
AMBAL NAGAR,57,ESI,6.05 a.m,
AMBAL NAGAR,57,M G R NAGAR,6.08 a.m,
AMBAL NAGAR,57,NESAPAKKAM,6.10 a.m,
AMBAL NAGAR,57,K K NAGAR R T O OFFICE,6.15 a.m,
AMBAL NAGAR,57,COLLEGE,7.15 a.m,
WEST MAMBALAM,58,SRM,6.00 A.M,
WEST MAMBALAM,58,AYODHYA MANDAPAM,6.05 A.M,
WEST MAMBALAM,58,GRT SCHOOL,6.10 A.M,
WEST MAMBALAM,58,ASHOK NAGAR  P S,6.15 A.M,
WEST MAMBALAM,58,LAKSHMAN SRUTHI,6.20 A.M,
WEST MAMBALAM,58,KAMALA THEATRE,6.20 A.M,
WEST MAMBALAM,58,VADAPALANI BUS STAND,6.25 A.M,
WEST MAMBALAM,58,AVACHI SCHOOL,6.25 A.M,
WEST MAMBALAM,58,COLLEGE,7.15 A.M,
RAJAKILPAKKAM,59,RAJAKILPAKKAM,5.30 A.M,
RAJAKILPAKKAM,59,RAJAKILPAKKAM  SIGNAL,5.40 A.M,
RAJAKILPAKKAM,59,KAMARAJAPURAM,5.45 A.M,
RAJAKILPAKKAM,59,SEMBABAKKAM,5.45 A.M,
RAJAKILPAKKAM,59,SANTHOSHAPURAM,5.50 A.M,
RAJAKILPAKKAM,59,SANTHOSHAPURAM KOOT ROAD,5.50 A.M,
RAJAKILPAKKAM,59,VELLAKALU,5.55 A.M,
RAJAKILPAKKAM,59,KOVILAMBAKKAM,5.55 A.M,
RAJAKILPAKKAM,59,ECHANKADU,6.00 A.M,
RAJAKILPAKKAM,59,KEELKATTALAI,6.00 A.M,
RAJAKILPAKKAM,59,U T I,6.05 A.M,
RAJAKILPAKKAM,59,MADIPAKKAM KOOT ROAD,6.05 A.M,
RAJAKILPAKKAM,59,KUMARAN THEATRE,6.10 A.M,
RAJAKILPAKKAM,59,OIL MILL,6.10 A.M,
RAJAKILPAKKAM,59,VANUVAMPET CHURCH,6.10 A.M,
RAJAKILPAKKAM,59,NANGANALLUR,6.15 A.M,
RAJAKILPAKKAM,59,PAZHAVANTHANGAL SUBWAY,6.20 A.M,
RAJAKILPAKKAM,59,COLLEGE,7.15 A.M,
CAMP ROAD,60,BHARATH COLLEGE,5.50 A.M,
CAMP ROAD,60,CAMP ROAD,5.55 A.M,
CAMP ROAD,60,SELAIYUR,6.00 A.M,
CAMP ROAD,60,POONDI BAZAAR,6.00 A.M,
CAMP ROAD,60,SANTORIUM,6.05 A.M,
CAMP ROAD,60,CHITLAPAKKAM,6.10 A.M,
CAMP ROAD,60,M I T BRIDGE,6.10 A.M,
CAMP ROAD,60,CHROMPET,6.15 A.M,
CAMP ROAD,60,PALLAVARAM,6.20 A.M,
CAMP ROAD,60,MEENABAKKAM,6.25 A.M,
CAMP ROAD,60,CEMENT ROAD,6.25 A.M,
CAMP ROAD,60,GUINDY &ALANDUR,6.30 A.M,
CAMP ROAD,60,COLLEGE,7.15 A.M,
MEDAVAKKAM,61,MEDAVAKKAM,5.50 A.M,
MEDAVAKKAM,61,JAYACHANDRAN,5.55 A.M,
MEDAVAKKAM,61,OIL MILL,6.00 A.M,
MEDAVAKKAM,61,PALLIKARANAI,6.05 A.M,
MEDAVAKKAM,61,GANGAI AMMAN KOVIL,6.10 A.M,
MEDAVAKKAM,61,DENTAL COLLEGE,6.15 A.M,
MEDAVAKKAM,61,NARAYANAPURAM,6.15 A.M,
MEDAVAKKAM,61,KAMATCHI HOSPITAL,6.20 A.M,
MEDAVAKKAM,61,BALAJI NAGAR,6.25 A.M,
MEDAVAKKAM,61,COLLEGE,7.15 A.M,
PERUMBAKKAM,62,PERUMBAKKAM,5.30 A.M,
PERUMBAKKAM,62,KAALAPAKKAM HOSPITAL,5.40 A.M,
PERUMBAKKAM,62,SHOLINGANALLUR,5.45 A.M,
PERUMBAKKAM,62,KARAPAKKAM,5.50 A.M,
PERUMBAKKAM,62,OKIYAPETTAI,5.52 A.M,
PERUMBAKKAM,62,JAIN COLLEGE,5.55 A.M,
PERUMBAKKAM,62,DUARIPAKKAM,5.55 A.M,
PERUMBAKKAM,62,KANDANCHAVADI,5.56 A.M,
PERUMBAKKAM,62,TARAMANI,5.57 A.M,
PERUMBAKKAM,62,BOPI NAGAR,5.58 A.M,
PERUMBAKKAM,62,PUZHUTHIVAKKAM,6.00 A.M,
PERUMBAKKAM,62,BRINDAVANAM NAGAR,6.03 A.M,
PERUMBAKKAM,62,ADAMBAKKAM,6.05 A.M,
PERUMBAKKAM,62,N G O COLONY,6.10 A.M,
PERUMBAKKAM,62,THILLAI GANGA NAGAR SUB WAY,6.20 A.M,
PERUMBAKKAM,62,COLLEGE,7.15 A.M,
Thiruporur,63,CHEGAN MAL,5.10 A.M,
Thiruporur,63,THALAMBUR,5.20 A.M,
Thiruporur,63,ONDIYAMPAKKAM,5.25 A.M,
Thiruporur,63,SITHALAPAKKAM,5.35 A.M,
Thiruporur,63,OIL MILL,5.50 A.M,
Thiruporur,63,SAIBABA KOVIL,5.55 A.M,
Thiruporur,63,PONIYAMMAN KOVIL,6.10 A.M,
Thiruporur,63,RAM NAGAR,6.12 A.M,
Thiruporur,63,KAIVELAI,6.15 A.M,
Thiruporur,63,VIJAYA NAGAR,6.17 A.M,
Thiruporur,63,MURUGAN KALYANA MANDAPAM,6.20 A.M,
Thiruporur,63,GURUNANAK COLLEGE,6.22 A.M,
Thiruporur,63,PHOENIX MALL,6.25 A.M,
Thiruporur,63,CHECK POST,6.30 A.M,
Thiruporur,63,MADUVAKARAI BRIDGE,6.35 A.M,
Thiruporur,63,COLLEGE,7.15 A.M,
PADAPPAI 1,64,POZHICHALUR,6.30 A.M,
PADAPPAI 1,64,MADHA KOVIL,6.40 A.M,
PADAPPAI 1,64,RETTA PILLAYAR KOVIL,6.45 A.M,
PADAPPAI 1,64,THEATRE,6.45 A.M,
PADAPPAI 1,64,AMBETHKAR SILAI,6.50 A.M,
PADAPPAI 1,64,ANAKAPUTHUR BUS STAND,6.55 A.M,
PADAPPAI 1,64,METHA NAGAR,6.58 A.M,
PADAPPAI 1,64,KUNDRATHUR,7.05 A.M,
PADAPPAI 1,64,COLLEGE,7.15 A.M,
PADAPPAI 2,65,PADAPPAI,5.50 a.m,
PADAPPAI 2,65,MANNIVAKKAM,6.00 a.m,
PADAPPAI 2,65,MUDICHUR,6.10 a.m,
PADAPPAI 2,65,PERUGALATHUR (OLD),6.15 a.m,
PADAPPAI 2,65,SUNNAMBU KALVAI,6.15 a.m,
PADAPPAI 2,65,KRISHNA NAGAR,6.20 a.m,
PADAPPAI 2,65,TAMBARAM DEPOT,6.25 a.m,
PADAPPAI 2,65,SARAVANA STORE,6.30 a.m,
PADAPPAI 2,65,PALLAVARAM,6.35 a.m,
PADAPPAI 2,65,PAMMAL,6.40 a.m,
PADAPPAI 2,65,ANAGAPUTHUR,6.45 a.m,
PADAPPAI 2,65,AANDAN KUPPAM,6.50 a.m,
PADAPPAI 2,65,COLLEGE,7.15 a.m,
MADURANTHAKAM,66,,5.30 a.m.,
MADURANTHAKAM,66,KARUNGUZHI,5.40 a.m.,
MADURANTHAKAM,66,KAKILAPETTAI,5.45 a.m.,
MADURANTHAKAM,66,PADALAM,5.50 a.m.,
MADURANTHAKAM,66,PUKKATHDURAI,5.55 a.m.,
MADURANTHAKAM,66,CHENGALPET,6.00 a.m.,
MADURANTHAKAM,66,CHENGALPET CHECK POST,6.00 a.m.,
MADURANTHAKAM,66,VANDALUR,6.50 a.m.,
MADURANTHAKAM,66,COLLEGE,7.15.a.m,
POZHICHALUR,67,POZHICHALUR,6.30 a.m,
POZHICHALUR,67,PAMMAL,6.40 a.m,
POZHICHALUR,67,AMMAN KOVIL,6.45 a.m,
POZHICHALUR,67,ANAKAPUTHUR,6.50 a.m,
POZHICHALUR,67,ANDAL KUPPAM,6. 55 a.m,
POZHICHALUR,67,COLLEGE,7.15 a.m,
CHENGALPET,68,GOVERMENT HOSPITAL,5.55 a.m.,
CHENGALPET,68,RATTINA KINARU,6.00 a.m.,
CHENGALPET,68,BUS STAND,6.05 a.m.,
CHENGALPET,68,IYYAPPAN KOVIL,6.10 a.m..,
CHENGALPET,68,MAHENDRA CITY,6.15 a.m.,
CHENGALPET,68,SINGAPERUMAL  KOIL,6.20 a.m.,
CHENGALPET,68,MARAIMALAI NAGAR,6.25 a.m.,
CHENGALPET,68,KATTANKULATHUR,6.25 a.m.,
CHENGALPET,68,SRM,6.30 a.m.,
CHENGALPET,68,GUDUVANCHERY,6.35 a.m.,
CHENGALPET,68,URAPAKKAM,6.40 a.m.,
CHENGALPET,68,VANDALUR,6.45 a.m.,
CHENGALPET,68,MANNIVAKKAM,6.50 a.m.,
CHENGALPET,68,COLLEGE,7.15.a.m,
GUDUVANCHERI,69,URAPAKKAM TEA SHOP,6.30 a.m.,
GUDUVANCHERI,69,VANDALUR GATE,6.35 a.m.,
GUDUVANCHERI,69,PERUNGALATHUR,6.35 a.m.,
GUDUVANCHERI,69,ARIE KARAI,6.35 a.m..,
GUDUVANCHERI,69,COCO COLA,6.40 a.m..,
GUDUVANCHERI,69,IRUMBULIYUR,6.40 a.m..,
GUDUVANCHERI,69,HINDHU MISSION HOSPITAL,6.45 a.m.,
GUDUVANCHERI,69,KADAPERI  R T O,6.50 a.m..,
GUDUVANCHERI,69,MADURAVOYAL TAMBARAM BYE PASS,6.50 a.m..,
GUDUVANCHERI,69,BYE PASS,6.50 a.m..,
GUDUVANCHERI,69,COLLEGE,7.15.a.m,
AMARAMBEDU,70,AMARAMBEDU,6.00.A.M,
AMARAMBEDU,70,SAKTHI NAGAR CROSS ROAD,6.10.A.M,
AMARAMBEDU,70,PERIYAR NAGAR,6.10.A.M,
AMARAMBEDU,70,NANDAMBAKKAM,6.15.A.M,
AMARAMBEDU,70,SIRUKALTHUR,6.20.A.M,
AMARAMBEDU,70,MADHA COLLEGE,6.25.A.M,
AMARAMBEDU,70,KUNDRATHUR BUS STOP,6.30.A.M,
AMARAMBEDU,70,KUNDRATHUR THERADI,6.30.A.M,
AMARAMBEDU,70,NALROAD,6.35.A.M,
AMARAMBEDU,70,SIVANTHANGAL,6.35.A.M,
AMARAMBEDU,70,SIKRAYAPURAM,6.35.A.M,
AMARAMBEDU,70,SRI MUTHURKUMARAN COLLEGE,6.40.A.M,
AMARAMBEDU,70,PATHUR KOAT ROAD,6.40.A.M,
AMARAMBEDU,70,MANGADU  PERUMAL KOVIL,6.45.A.M,
AMARAMBEDU,70,GANGAI AMMAN KOIL,6.50.A.M,
AMARAMBEDU,70,M G R SILAI,6.55.A.M,
AMARAMBEDU,70,COLLEGE,7.15.A.M,
BAI KADAI,71,MOONDRAM KATTALAI,6.15 a.m,
BAI KADAI,71,MADHA COLLEGE,6.15 a.m,
BAI KADAI,71,KOVUR,6.20 a.m,
BAI KADAI,71,KOVUR SCHOOL,6.22 a.m,
BAI KADAI,71,PERIYAPANICHERI,6.25 a.m,
BAI KADAI,71,KIRUGABAKKAM,6.27 a.m,
BAI KADAI,71,BAI KADAI,6.30 a.m,
BAI KADAI,71,MADHANANDAPURAM,6.30 a.m,
BAI KADAI,71,VIGNESHWARA,6.35 a.m,
BAI KADAI,71,PORUR,6.40 a.m,
BAI KADAI,71,COLLEGE,7.15 a.m,
PORUR,72,PORUR,6.30 A.M,
PORUR,72,RETEERI,6.35 A.M,
PORUR,72,IYYAPANTHANGAL,6.40 A.M,
PORUR,72,KATTUPAKKAM,6.45 A.M,
PORUR,72,KUMANANCHAVADI,6.50 A.M,
PORUR,72,ARAVIND EYE HOSPITAL,6.55 A.M,
PORUR,72,COLLEGE,7.15 A.M,
KARAYANCHAVADI,73,NOOMBAL X ROAD,6.50 A.M,
KARAYANCHAVADI,73,PETROL BUNK,6.50 A.M,
KARAYANCHAVADI,73,KARAYANCHAVADI,6.55 A.M,
KARAYANCHAVADI,73,EB,6.55 A.M,
KARAYANCHAVADI,73,SENNER KUPPAM MURUGAN TEMPLE,7.00 A.M,
KARAYANCHAVADI,73,GOLDEN APARTMENT,7.05 A.M,
KARAYANCHAVADI,73,COLLEGE,7.15 A.M,
AYYAPAKKAM 1,74,SUN PLUS COLLEGE,6.20 A.M,
AYYAPAKKAM 1,74,DAM,6.25 A.M,
AYYAPAKKAM 1,74,,6.30 A.M,
AYYAPAKKAM 1,74,GANESH BHAVAN,6.35 A.M,
AYYAPAKKAM 1,74,AARIKARAI,6.38 A.M,
AYYAPAKKAM 1,74,WATER TANK,6.40 A.M,
AYYAPAKKAM 1,74,V G N,6.42 A.M,
AYYAPAKKAM 1,74,THIRUVERKADU RATION SHOP,6.45 A.M,
AYYAPAKKAM 1,74,COLLEGE,7.15 A.M,
AYYAPAKKAM 2,75,SUNDARAM SUYAPURAM R M K,6.30 A.M,
AYYAPAKKAM 2,75,AYAPPAN MAADAM,6.35 A.M,
AYYAPAKKAM 2,75,THIRUVERKADU BUS STOP,6.40 A.M,
AYYAPAKKAM 2,75,THIRUVERKADU PETROL 2,6.45 A.M,
AYYAPAKKAM 2,75,V G N FLAT,6.50 A.M,
AYYAPAKKAM 2,75,PERUMAL AGARAM,6.55 A.M,
AYYAPAKKAM 2,75,A C S,7.00 A.M,
AYYAPAKKAM 2,75,COLLEGE,7.15 A.M,
KAVALCHERY,76,KAVALCHERY,6.30 A.M,
KAVALCHERY,76,SITHUKADU,6.35 A.M,
KAVALCHERY,76,VOYALANALLUR,6.40 A.M,
KAVALCHERY,76,PARIVAKKAM,6.45 A.M,
KAVALCHERY,76,PARIVAKKAM SIGNAL,6.50 A.M,
KAVALCHERY,76,POONAMALEE G R T,6.55 A.M,
KAVALCHERY,76,COLLEGE,7.15 A.M,
MEPPUR,77,MEPPUR BUS STAND,6.45 A.M,
MEPPUR,77,AGARAM MEL ROUNDANA,6.50 A.M,
MEPPUR,77,RATION KADAI,6.55 A.M,
MEPPUR,77,KIRUBA STORE SCHOOL STREET,7.00 A.M,
MEPPUR,77,RAMYA MEDICAL,7.05 A.M,
MEPPUR,77,SEKAR TEA KADAI,7.05  A.M.,
MEPPUR,77,R R THIRUMANA MANDABAM,7.05  A.M.,
MEPPUR,77,COLLEGE,7.15 A.M.,
